time,note,velocity
0,57,86
0.0044642812499999995,64,86
0.0044642812499999995,48,94
0,59,15
0,52,50
0.008928562499999999,43,76
0,48,77
0,57,65
1.6919625937499998,67,97
